review_id,star_rating,helpful_votes,total_votes,vine,verified_purchase
R10000B5EA0ZWP,4,14,15,N,Y
R10000KAJO8QRT,5,0,0,N,Y
R10000SRLJQ0VM,5,0,0,N,Y
R10000W0Z79FQC,4,0,0,N,Y
R1000147G0K1IW,5,0,0,N,N
R100019BD1QTLO,5,0,0,N,N
R100026SKXO3WH,1,0,0,N,Y
R10002OP8JO8J2,4,0,0,N,Y
R10002VYTES6IB,4,0,0,N,Y
R10003BZL2J7FL,1,4,7,N,Y
R10004NHEEKB80,5,0,0,N,Y
R10005M68IK23V,5,0,0,N,Y
R10005Q7BCE5TB,5,0,0,N,Y
R10007K8VEMB9R,2,7,24,N,N
R10007PW29AOYE,3,0,0,N,Y
R10007YZG6YD98,5,0,0,N,Y
R10008A6EIT04T,3,0,0,N,N
R10008N949OHLV,4,0,0,N,Y
R100096KBOXB59,5,0,0,N,Y
R1000A3QCHA4VW,4,0,0,N,Y
R1000AW1KF9F1V,5,0,0,N,Y
R1000AZRFC5NMI,3,0,0,N,Y
R1000BJ1Y0JJ9O,4,0,0,N,Y
R1000BM31RF4HI,2,26,27,N,Y
R1000BMMJDX65V,5,0,0,N,N
R1000D29OXI03C,2,0,0,N,Y
R1000DAJESCW2V,5,0,0,N,Y
R1000DO42E502D,5,0,0,N,Y
R1000EGOSOZ2HM,2,1,2,N,Y
R1000EXDM9FCWM,5,0,0,N,Y
R1000FO3IDNIJ2,4,5,7,N,Y
R1000FQ3QQ1HII,4,0,0,N,Y
R1000GALQG2P3B,1,0,0,N,Y
R1000GNGJ2RDWH,1,0,0,N,Y
R1000HQBHLT7AH,5,0,0,N,Y
R1000J3D7KIHSU,5,0,0,N,Y
R1000JUWQG1HHQ,5,0,0,N,Y
R1000KXMD9F6OL,5,0,0,N,Y
R1000L9KSW3PF,5,0,0,N,Y
R1000LCTGPX9U6,4,0,0,N,Y
R1000MELR681JB,1,0,1,N,Y
R1000MWXQDUL1S,4,0,0,N,Y
R1000NI8JM6ALR,5,0,0,N,Y
R1000NUX0C9IF1,1,4,4,N,N
R1000NV62D5QYK,5,0,0,N,Y
R1000NYCT2D1MN,5,0,0,N,Y
R1000P7URH0ZCM,4,0,2,N,Y
R1000PW185EU1Z,4,0,0,N,Y
R1000PZ4SJOSZU,4,0,0,N,Y
R1000Q8D3UOJYH,5,0,0,N,Y
R1000R2X0BH0IA,5,0,0,N,N
R1000S0AC13KM5,3,0,0,N,Y
R1000T23ZLIF8O,1,0,0,N,Y
R1000T6OWN929P,4,3,4,Y,N
R1000TR62BELR6,3,7,9,N,N
R1000U8URUHB3W,5,0,0,N,Y
R1000UPK5KDKJO,5,0,0,N,Y
R1000UR9DW4LP8,5,1,1,N,N
R1000VFB3HSYYS,5,0,0,N,Y
R1000VKGCKA7UL,4,0,0,N,Y
R1000W51Z7WHLA,3,1,1,N,Y
R1000WJ7VJGWJF,4,0,0,N,Y
R1000WMBTBMN4E,3,0,0,N,Y
R1000WOS9M5I8V,5,0,0,N,Y
R1000XKIAFW7AL,3,0,0,N,Y
R1000ZOBI7XRYO,2,0,0,N,Y
R1000ZTBB7N1EJ,2,5,6,N,Y
R100117T0OTEJ6,5,0,0,N,Y
R10011CM2QZWFN,4,0,0,N,Y
R10011DFWJY7S,3,5,6,N,Y
R10011R459NQXP,5,0,0,N,Y
R100120PBOV4E2,5,0,0,N,Y
R10012JIZX62BV,5,0,0,N,Y
R10012QU1TW4UC,5,0,0,N,Y
R10013CXNEF305,1,0,0,N,Y
R10013QLU2YN6J,5,0,0,N,Y
R100142R46HSC1,5,0,0,N,Y
R10014Q6B6J0EE,1,1,2,N,Y
R10015PD5VY2CH,5,0,0,N,Y
R10015QO5GZJGY,5,0,1,N,Y
R10016IF2IJQSB,4,0,0,N,Y
R10017XY1A4VE6,5,3,3,N,Y
R100182P4RYK45,5,0,0,N,Y
R10018D6194OC6,5,0,0,N,Y
R1001A9CBBD86C,1,1,2,N,Y
R1001AV5AHLI9D,4,0,0,N,Y
R1001BRGM68KDT,4,0,0,N,Y
R1001CITLJM9Z7,5,0,0,N,Y
R1001CZIE77VN4,5,0,0,N,Y
R1001DGKB2KBUC,5,0,0,N,Y
R1001DSQQ7QY4G,5,0,0,N,Y
R1001EUYLM48GM,3,0,0,N,Y
R1001GDM6EU7BX,4,1,2,N,Y
R1001GYL95IAML,5,0,0,N,Y
R1001H1R4PFJU2,5,0,0,N,Y
R1001IQ4P7HQ8E,4,0,0,N,Y
R1001JMTBUA0WG,5,0,0,N,Y
R1001KBP8RTNP0,5,0,0,N,Y
R1001LWWICQ76L,1,0,0,N,Y
R1001M1MFSKIP4,5,0,0,N,Y
R1001MA0ARSXXA,5,0,0,N,Y
R1001N37MHLOFN,5,0,0,N,Y
R1001NOE0KY6NR,1,0,0,N,Y
R1001OKXFSAVL3,1,0,0,N,Y
R1001OXEQ2UV03,5,0,0,N,Y
R1001Q9TO6LEUV,5,0,0,N,Y
R1001R043CZ1HF,1,0,1,N,Y
R1001R6RBG9OUD,5,0,0,N,Y
R1001S91N2XFZ2,2,0,0,N,Y
R1001TA8WGX1MQ,1,0,0,N,Y
R1001TBXVJB1NE,5,2,2,N,Y
R1001TTDNTCDRQ,5,0,0,N,Y
R1001UAZW4AJAR,4,0,0,N,Y
R1001ULDCG2SVC,3,2,2,N,Y
R1001V1AO0F2QE,5,0,0,N,Y
R1001W2YSIBX3C,5,1,1,N,Y
R1001W44EHCWVV,5,0,0,N,Y
R1001X3SMDBNKW,5,0,0,N,Y
R1001XBEZN3HQI,2,0,0,N,Y
R1001YRMFH556E,4,0,0,N,Y
R1001ZZUYCLE8C,4,0,0,N,Y
R10020VXEIWRO8,5,0,0,N,Y
R100213X5GKCOM,5,0,0,N,Y
R10022KT6LMK4C,3,0,8,N,Y
R10023HF9E2J6M,5,0,0,N,Y
R10024ZBRVM8XP,4,0,0,N,Y
R100265TELXD6T,2,0,1,N,Y
R10027JQ5IK4QS,4,0,0,N,Y
R10027SBDF3KRE,1,1,1,N,Y
R100287SPBCFTC,4,0,0,N,Y
R100293BA3ZFX1,5,0,0,N,N
R10029H47NW3BU,5,0,0,N,Y
R1002AVBDKR3ZI,5,0,0,N,Y
R1002BOPUBRU50,5,0,0,N,Y
R1002BWCVSOPHP,3,0,0,N,Y
R1002CANSLSMJG,5,0,0,N,Y
R1002CKJ9UJU5N,5,0,0,N,N
R1002DIJ8QJ0OZ,1,0,2,N,N
R1002DOBOASHN3,1,4,7,N,Y
R1002DYPJYQKJV,2,0,0,N,Y
R1002FAWBO4DA5,1,0,0,N,Y
R1002FLVZ4XEMY,2,1,1,N,N
R1002G1U7RWNNL,4,0,0,N,Y
R1002GC24JR062,5,0,0,N,Y
R1002HPHGVEA6T,4,0,0,N,Y
R1002HPIBRJ58Y,5,0,0,N,Y
R1002I5PAI5HNY,5,1,1,N,Y
R1002IBQHGJGQW,4,0,0,N,Y
R1002IDZR7PABS,5,0,1,N,Y
R1002K29TJYWK4,3,0,0,N,Y
R1002K7Y8CI0C0,3,0,0,N,Y
R1002KQ6RC07SM,2,0,0,N,Y
R1002LG2V83CR5,5,0,0,N,Y
R1002LKHQ12KHO,5,0,1,N,N
R1002MAJ6GZCCQ,2,0,0,N,Y
R1002MZHHKR3LH,4,0,0,N,Y
R1002NG20EBY2L,5,1,6,N,Y
R1002NNFPM6HY5,5,0,0,N,N
R1002NXIS0YVX5,5,0,1,N,Y
R1002O9NFHGOMC,4,1,1,N,Y
R1002OCUHG9RB2,4,0,0,N,Y
R1002ODL4MSOBC,1,0,0,N,N
R1002OVBB73CDV,1,1,1,N,Y
R1002P85Q86A12,4,0,0,N,N
R1002PP557NO5T,5,0,0,N,Y
R1002Q10IK3X8,5,0,0,N,Y
R1002R49897GH5,4,2,2,N,N
R1002SAW06CRBL,4,0,0,N,Y
R1002TBBY7I096,5,0,0,N,Y
R1002TC99DIQIK,5,1,1,N,Y
R1002V76F291OX,3,0,0,N,Y
R1002WQDE97C36,1,0,0,N,Y
R1002WSZ30YRH8,5,0,0,N,Y
R1002XCM5Z2KFV,4,4,6,N,Y
R1002Y202LOH0O,4,0,0,N,N
R1002Y5R2Z2HBK,5,0,0,N,Y
R100305P1N4AFH,5,0,0,N,Y
R10030JB48XIVR,4,0,0,N,Y
R10030K5Z0BXUO,4,0,0,N,Y
R10030QT0ZU58N,2,0,0,N,N
R10030YT3J3H1W,4,0,0,N,Y
R100316EQZGQ9C,5,1,1,N,Y
R10031XY0WHOIA,4,0,0,N,Y
R1003231AOUA2R,5,0,0,N,Y
R10033CNZ69MRL,3,0,1,N,Y
R10033RY2XA7V0,1,1,4,N,Y
R10033TVG7YSAP,5,0,0,N,N
R10034GAIEM6NM,5,0,0,N,Y
R100356IGSA26T,5,0,0,N,N
R10035J6D0K6EJ,2,0,0,N,Y
R10036BSHXJL1X,5,0,0,N,N
R10037J9CVA6K9,4,5,5,N,Y
R10038AMGZZHVQ,2,0,1,N,Y
R10038F7FP9G9D,1,0,0,N,Y
R10038FV8DV1G5,1,0,2,N,Y
R10039P4QISMLX,5,0,0,N,Y
R1003A7G1CW6IT,5,0,0,N,Y
R1003A7UVB2OB7,5,0,0,N,Y
R1003APO262SCD,5,0,0,N,Y
R1003B6G7RH4OM,5,2,2,N,Y
R1003BI24EIPU2,1,1,1,N,Y
R1003CMKII063,5,0,0,N,Y
R1003D1Q2FQM3H,5,0,0,N,Y
R1003G68QMKZDJ,5,0,0,N,Y
R1003GG279UHKL,4,0,0,N,Y
R1003GGGRJHMZL,5,1,1,N,Y
R1003HB0P222B8,4,0,0,N,Y
R1003I912OKMC7,5,0,0,N,Y
R1003INKQ61KFT,5,0,0,N,Y
R1003J8F2YIJM2,5,0,0,N,Y
R1003JL6XIHTNO,4,0,1,N,Y
R1003L0MY8EMT5,5,0,0,N,Y
R1003L7NMYTNMM,2,14,24,N,N
R1003NN4DQZ9HW,5,0,0,N,Y
R1003OGUXVB9L7,2,0,1,N,Y
R1003OU6QPIJOA,1,2,2,N,N
R1003PP07VGKGS,5,0,0,N,Y
R1003PPW9TT8W6,5,0,0,N,Y
R1003PQY0EX9OD,3,0,0,N,N
R1003QUL37XMLS,4,0,0,N,Y
R1003R5UXJUC5B,1,1,3,N,N
R1003SR7VZ9B3M,1,0,0,N,N
R1003U67II7E1D,4,0,0,N,Y
R1003UB86QOP6Z,5,0,0,N,Y
R1003UW0Q5K0W5,4,0,0,N,Y
R1003UZRLVH01B,5,0,1,N,Y
R1003VGZRMQE3Z,5,1,1,N,Y
R1003VP15JEVKZ,4,0,0,N,Y
R1003VYF4JGJ6S,4,0,0,N,Y
R1003WNLHME9QF,4,0,1,N,Y
R1003WS2X4P8XK,4,0,0,N,Y
R1003ZA0FJ4HR9,3,1,1,N,Y
R1003ZJSFCK92H,1,15,15,N,Y
R1003ZTGYDHPZL,5,0,0,N,Y
R100442M8YQ4EN,4,0,0,N,Y
R10044WC3K3Q49,1,0,1,N,Y
R1004593AVZDAA,5,0,0,N,Y
R10047BXO6AAVF,5,0,0,N,Y
R10047IUL94SS,1,0,2,N,N
R10048FCFWVJOH,5,0,0,N,N
R10048IPU6DJ78,5,0,0,N,Y
R10048LJDAW04V,5,0,0,N,N
R10049F5YCWULA,4,5,5,N,Y
R10049QWBC5HJR,3,0,0,N,Y
R1004BBEB4OBG8,5,0,0,N,Y
R1004DVDEAEXJP,4,0,0,N,Y
R1004E2WFBAMO5,4,0,0,N,N
R1004FHVB4MSOM,2,0,0,N,Y
R1004FKVHG9I7H,4,0,0,N,Y
R1004FM3FD8TCC,5,4,5,N,Y
R1004HSY0MTG2K,5,1,1,N,N
R1004J69KIQIB8,1,0,0,N,Y
R1004JFXJ9S1PF,5,0,0,N,Y
R1004K0KR72X5Z,5,0,0,N,Y
R1004K5XLQ9WWJ,5,0,0,N,Y
R1004KBFEX9ZW6,3,0,0,N,Y
R1004KXAY09JTR,1,0,0,N,Y
R1004LM94WRGAY,2,4,6,N,Y
R1004LNI6K2S3D,4,0,0,N,N
R1004MFG37JZ7S,5,3,4,N,Y
R1004N4F5AP6Q5,5,0,0,N,Y
R1004O021QUKHQ,5,0,0,N,N
R1004OT8LLACJT,5,1,1,N,Y
R1004OXBIUH7JZ,1,0,0,N,Y
R1004OZG8QK1JD,5,0,1,N,Y
R1004PDZT1X5X4,5,0,0,N,Y
R1004PRF86U2HE,4,1,1,N,Y
R1004Q7R92P63X,2,0,0,N,Y
R1004QKH1MYZ68,5,0,0,N,Y
R1004QXVKH9JA9,3,0,0,N,Y
R1004QYBAI7HC4,4,0,0,N,Y
R1004QZFZAHPJD,5,0,0,N,Y
R1004RDE2XCSTI,3,1,3,N,Y
R1004RUA9IGKQZ,3,1,2,Y,N
R1004S851PSQNV,1,0,0,N,Y
R1004SRJEDG3J8,3,0,0,N,Y
R1004T194JDOC5,5,0,0,N,Y
R1004T9JFJVGPF,5,0,0,N,Y
R1004TVUF62PD6,4,0,0,N,Y
R1004UNWFD6EO9,5,0,0,N,Y
R1004UUZDKPSMH,5,0,0,N,Y
R1004X6RTYICXO,5,0,0,N,N
R1004XMHZH19FP,5,0,0,N,Y
R1004XTHZF2455,5,0,0,N,Y
R1004Y4P1TXYTT,5,0,0,N,Y
R1004YCKIT8Z55,5,0,0,N,Y
R1004Z17SOG9O4,5,0,0,N,Y
R1004ZQH1LB0A6,2,0,0,N,Y
R1004ZWTYXVAB2,5,51,51,N,Y
R10050NPX2R49X,5,0,0,N,Y
R10052UNJRV8ZC,1,3,4,N,N
R10054HXB7JARH,4,1,1,N,Y
R10054JDJN30Y5,5,0,0,N,Y
R10054XIX9GA35,3,0,0,N,Y
R1005510JCPDTI,5,2,3,Y,N
R10055GP3BN1NJ,5,0,0,N,Y
R10055L19QIJC0,5,0,0,N,Y
R10056CKQ4O3C9,5,0,0,N,N
R10057EIK1FM6Y,5,2,2,N,N
R10057ESDQ8XFX,4,1,2,N,N
R100589WEUVL1U,5,0,0,N,Y
R10058ECRHOF9T,1,0,1,N,N
R10058NQYS2MEL,4,0,0,N,Y
R10058ZHL0X3YL,3,0,0,N,Y
R100591HKK7ZH6,5,0,0,N,Y
R10059CBTA5CYR,5,1,1,N,Y
R10059FQPEOZWC,5,0,0,N,Y
R1005AEY0ENEWW,5,0,0,N,Y
R1005AR4FJ62GN,4,0,0,N,Y
R1005CDU3PRGKH,5,1,1,N,N
R1005DU0P126,5,0,0,N,Y
R1005E26NPBLKY,5,0,0,N,Y
R1005E4TLQC8LO,1,0,0,N,N
R1005EBLJYOZZO,5,0,1,N,Y
R1005EMXRS6JAS,4,0,0,N,N
R1005ENOLNKZL5,5,0,0,N,Y
R1005FW4Z31IZ1,5,0,0,Y,N
R1005H33JM5NK2,5,0,0,N,N
R1005H8PWN9FXV,4,0,0,N,Y
R1005HCHVFJUPA,5,0,0,N,Y
R1005HFJ4QQO5X,1,9,9,N,N
R1005HNAQAAP9F,4,0,0,N,Y
R1005HNTJB115N,5,0,0,N,Y
R1005HP46A6A3T,1,6,11,N,N
R1005IUKTEXC5,5,1,1,N,Y
R1005J1CV08G8,3,0,0,N,N
R1005J2GAJ47HJ,1,1,1,N,Y
R1005J2TIHN8NF,5,0,0,N,Y
R1005J46C8D5A5,1,2,6,N,N
R1005JAA16OHFD,5,0,0,N,Y
R1005JTQTUDPHU,1,0,0,N,Y
R1005KELQXKHQH,4,0,0,N,Y
R1005KJ070SKM4,5,0,0,N,Y
R1005KJEJMMGU1,4,0,0,N,Y
R1005KLH9HYJXL,5,0,0,N,Y
R1005L3TWHLE1J,5,0,0,N,Y
R1005LT1X8OVF2,5,1,2,N,Y
R1005MFZN2ZRZW,4,0,0,N,Y
R1005NIG6DL0RU,5,0,0,N,Y
R1005NS8SN83UB,2,0,0,N,Y
R1005O6H5CGU9N,3,0,0,N,Y
R1005OBE8PJSMT,5,0,0,N,N
R1005RKFDTX9B4,5,0,0,N,Y
R1005S8JV93XYH,1,2,3,N,Y
R1005SKKYV2ZTE,4,2,3,N,Y
R1005U0D04HRF7,1,0,0,N,Y
R1005U7FNQWXEW,5,0,0,N,Y
R1005VVD7554JK,5,0,0,N,Y
R1005XID8CQM6S,1,0,1,N,Y
R1005Y5SOC4QBF,4,1,1,N,Y
R100601SGHBI2X,5,0,0,N,Y
R100629WF5V1OB,1,0,0,N,N
R10064J1JT24I2,4,0,0,N,Y
R10064LY1RJW6Y,3,0,0,N,Y
R10065X2I67FUC,5,0,0,N,N
R100674DYG8F0I,5,0,0,N,Y
R10067I3LZRQU8,1,0,0,N,Y
R10067QT7MMLZV,5,0,0,N,Y
R10067S8KCS48O,3,0,0,N,Y
R10068NN0UJXI0,5,0,0,N,Y
R10068SJ4JMU62,3,0,0,N,Y
R10069C6HEAS2B,2,0,0,N,Y
R1006BWY90T263,2,3,4,N,Y
R1006CINH9PTHT,1,0,0,N,Y
R1006D1T6GFECR,5,0,0,N,N
R1006DBYB9AQB5,5,0,0,N,Y
R1006E12Z6BFK,5,0,0,N,N
R1006F0UE6Q00S,5,0,0,N,Y
R1006FEAC4GR46,4,0,0,N,Y
R1006FR19561J0,1,10,11,N,N
R1006GC9UTUB40,2,1,3,N,Y
R1006GCDGYRMHV,4,0,0,N,Y
R1006GHJCAGAWJ,1,1,1,N,Y
R1006GN2FF52VN,5,0,0,N,Y
R1006H6N6DWLPT,5,0,0,N,Y
R1006HQL6IQAHG,5,1,1,N,Y
R1006IAQMVP6LU,3,0,0,N,Y
R1006IJ1BAK5XS,2,0,0,N,N
R1006J7WLBPU4Q,5,1,1,N,Y
R1006K0QIS1ZXE,4,0,0,N,Y
R1006KHIZU1KSG,5,0,0,N,N
R1006M8VMOH5DW,1,1,1,N,Y
R1006MAJRSVH18,5,0,1,N,Y
R1006OMFBAJMO7,4,0,0,N,Y
R1006P92KP8KA8,4,0,0,N,Y
R1006P9DPNO1VB,5,0,0,N,Y
R1006PB8LV74KT,4,0,0,N,Y
R1006QRSDGJMF4,5,0,0,N,Y
R1006QUGTXXY4M,4,0,0,N,Y
R1006S3JOX3SSD,2,0,0,N,Y
R1006S5L8W1QOK,5,0,0,N,Y
R1006TKKWSIZN8,4,0,1,N,Y
R1006U5LHGJ6MM,4,0,0,N,Y
R1006UACOZIU0G,5,0,0,N,Y
R1006ULKZYADOD,5,0,0,N,Y
R1006V43LXAOBQ,5,0,0,N,Y
R1006VH7CWQ7L2,5,0,0,N,Y
R1006X61Z6QQPH,5,0,0,N,Y
R1006Z1WWQXMLE,5,0,0,N,Y
R1006ZF2AO1MDF,5,0,0,N,Y
R1006ZRHICZ5I8,5,0,0,N,Y
R10070MJ3OG7LC,5,0,0,N,Y
R10070NVNMVMEO,5,3,4,N,Y
R10070OQLPE0EG,4,0,0,N,N
R10070RAEAS7EA,3,0,0,N,Y
R10071Q4YWCCCH,5,0,0,N,Y
R10071U98ENOOZ,3,1,1,N,Y
R100741WQCGQQD,1,0,0,N,Y
R10074B66ZIT5E,5,0,0,N,N
R10074CD9LG7KT,5,1,1,N,Y
R10075A1KDIIP3,5,0,0,N,Y
R10075C6DSSWM0,5,0,0,N,Y
R10075M3LNJGCR,5,0,0,N,N
R10077JJMGOEN3,1,0,0,N,Y
R10078X32W3NHZ,5,0,0,N,Y
R10078XXEUT8WB,1,0,0,N,Y
R100792O3EY4FM,5,0,0,N,Y
R1007A8JII1DYB,1,0,0,N,Y
R1007APK8XRS7C,5,0,0,N,Y
R1007B8VEDH567,3,1,1,N,Y
R1007C995MO49Z,5,1,1,N,Y
R1007CNPNYL6JL,5,0,0,N,Y
R1007CRYWYX7PL,4,1,1,N,Y
R1007D7T2Z8U5Q,5,0,0,N,Y
R1007DFAJDZ5KB,5,0,0,N,Y
R1007EQFKKQK8Y,5,0,0,N,Y
R1007EVF1FAFYI,5,0,0,N,Y
R1007GBR8DDMK9,5,0,0,N,Y
R1007GNEPRBHKC,2,0,0,N,Y
R1007HHGRAOJI3,5,1,1,N,Y
R1007HVQAG6JX7,5,0,1,N,Y
R1007J743FFD4B,4,0,0,N,Y
R1007J9L7MJHB0,4,0,0,N,Y
R1007L82ZWNJML,5,0,0,N,N
R1007NJM6VQZQ1,5,62,67,N,Y
R1007OUTGMNB2N,4,0,0,N,Y
R1007PM4KS94GG,2,0,0,N,Y
R1007RR54L4777,5,0,0,N,Y
R1007RV6SIMOPY,5,0,0,N,Y
R1007T6AGAH2CD,1,1,2,N,Y
R1007UCAHMY2CK,1,0,0,N,Y
R1007UYHR5O5V7,5,0,0,N,Y
R1007VELFOOS07,4,1,1,N,Y
R1007VI1O0FF5E,5,0,0,N,Y
R1007W64QFT6M3,5,0,0,N,Y
R1007WC5WASV8B,2,0,0,N,Y
R1007WYJWO3P20,4,0,0,N,Y
R1007XR39U7P38,1,0,0,N,Y
R1007XUD6HCK8X,5,0,0,N,Y
R1007YKS6XCEXV,2,0,0,N,N
R1007YNLPT3CTA,2,0,0,N,Y
R1007YSORQBHGH,1,0,0,N,Y
R1007ZMXQORF90,4,0,0,N,Y
R1007ZOD81OZ73,5,0,0,N,Y
R10081THMLJ60L,5,0,0,N,Y
R10081UHMOU1J0,5,2,2,N,Y
R100820O6PN1YU,5,0,0,N,Y
R10083NI3NOD0Q,5,4,4,N,N
R10083QFSRN21V,3,1,1,N,Y
R10083T1YXXVV4,5,0,0,N,Y
R100841C39I6NR,5,0,0,N,Y
R10084AQAA0DP6,5,0,0,N,Y
R10084BEDRD8C2,5,0,0,N,Y
R10084NQPMAE8T,5,0,0,N,Y
R10084SWCAKBBZ,1,0,0,N,Y
R1008620ZX1QIX,3,0,1,N,Y
R100864S6GA34P,5,0,0,N,Y
R10086BRP6FFU0,5,1,1,N,Y
R10086T8R53R3Y,2,0,0,N,Y
R100874GZBUW1Q,1,0,0,N,Y
R10088BCOKURDQ,5,0,0,N,Y
R10089KGTUHZCP,4,0,0,N,Y
R10089MB1RMZ3,4,0,0,N,Y
R1008AJRPIOFPE,1,1,2,N,N
R1008BHPBCZ5PN,5,0,0,N,Y
R1008BMPDDR4OA,4,0,0,N,N
R1008BUPS1G0SS,2,0,0,N,Y
R1008C8IOQ2AWN,4,0,0,N,Y
R1008CIDYAZMMZ,5,0,0,N,Y
R1008CV6Q25DD1,4,0,0,N,Y
R1008DBYVSUJ7,5,3,16,N,N
R1008F69FEFUMJ,5,0,0,N,Y
R1008FB5LUMUIG,5,0,0,N,Y
R1008H7ZEIKWVC,5,0,1,N,Y
R1008HBXWXTYH3,4,0,0,N,N
R1008IOL3G7MTK,5,0,0,N,Y
R1008JB5QZ6T47,5,1,1,N,Y
R1008JO9WM4H0V,3,0,0,N,Y
R1008JVWWU4D65,5,0,0,N,Y
R1008KF6JBOO1N,5,0,0,N,Y
R1008LI17J3ZZ,5,3,4,N,Y
R1008M23N90ABA,5,0,0,N,Y
R1008M7INLAQX1,5,0,0,N,Y
R1008O06B5U9GP,5,0,1,N,Y
R1008ORKZENVFV,5,0,0,N,Y
R1008QP3Z65IP6,3,0,0,N,Y
R1008R4ON7C431,4,1,1,N,Y
R1008TI5NCFRJ,4,0,0,N,Y
R1008VX9WSCD1D,2,0,0,N,Y
R1008W28K59K8B,5,0,0,N,Y
R1008WKBF7DBSW,5,0,0,N,Y
R1008YRMN79H0X,4,3,3,N,Y
R1008YTRJEH6U7,1,1,2,N,Y
R1008ZOKV37CV,5,0,0,N,Y
R1008ZQJ02IOPR,2,1,2,N,Y
R1008ZYA2C4GAO,5,1,1,N,Y
R100901DX7QH74,2,0,1,N,Y
R1009265CYGBTV,5,0,1,N,Y
R10092JBH5HHQQ,5,0,1,N,Y
R100939EGGEFKK,5,0,0,N,Y
R100947USRMDPW,5,0,0,N,N
R10094VRVPYNKH,5,0,0,N,Y
R10095C491DHUZ,5,0,0,N,Y
R10095TEPQ26BC,4,0,0,N,Y
R10096TWM92TGF,5,1,3,N,Y
R10097QSMY8YW7,5,0,0,N,N
R10098AXNS90BL,5,0,0,N,Y
R10098PJZUFE30,3,1,1,N,Y
R10098Y4HNH8Y8,2,1,2,N,Y
R10099LTZL1X02,5,0,0,N,Y
R10099Y9GLQGZH,5,0,0,N,N
R1009AX163JP3D,1,1,1,N,Y
R1009B0UA49CTW,5,0,0,N,Y
R1009CZOHVDHEX,1,3,3,N,N
R1009DXEV2DAHH,5,0,0,N,Y
R1009EIX6BTF0X,5,0,0,N,Y
R1009F1W0IHGXI,5,0,0,N,Y
R1009FXGIMJ5A8,1,0,2,N,Y
R1009GFDKVM6XC,1,0,0,N,Y
R1009M8YH6PSP5,3,0,0,N,Y
R1009NQ8790HJR,5,0,0,N,Y
R1009NX7X9405J,5,0,0,N,Y
R1009QTB1NLB54,5,0,0,N,Y
R1009R3U2ONARL,5,0,0,N,Y
R1009SCOT675H6,5,1,1,N,Y
R1009SSRQUGCC6,4,0,0,N,Y
R1009T3ZSMKHSK,4,0,0,N,Y
R1009TF4TSTNSG,5,0,0,N,Y
R1009TN6CQL08Z,2,3,7,N,Y
R1009TQJ2AI79F,4,0,0,N,N
R1009U27XVI2SY,5,0,0,N,Y
R1009UHHSIBQK5,1,0,0,N,Y
R1009UTLPY2JOZ,4,0,0,N,Y
R1009VWRFASVLA,5,0,0,N,N
R1009WT6GMJPUP,5,0,0,N,Y
R1009WTGM8UB67,2,0,0,N,Y
R1009YR5J1QGSA,5,0,0,N,Y
R100A0NUI4YYK2,5,2,3,N,Y
R100A23QA8BEQE,5,0,0,N,Y
R100A33QNMYENP,3,2,2,N,Y
R100A4V4HUWZ95,5,0,0,N,Y
R100A5E57W75ML,1,0,0,N,Y
R100A64IOYVE82,5,0,0,N,Y
R100A6CIGNSIVP,5,0,0,N,Y
R100A6E39GPUT1,5,0,0,N,Y
R100A7AR3BCZ8S,4,0,0,N,Y
R100A7IFWAHM3T,4,0,0,N,Y
R100A8KW44UBY2,5,0,0,N,Y
R100A8VK99ZINV,5,0,0,N,Y
R100A9FRMQFI5C,5,0,0,N,Y
R100A9KAWUXJKX,3,0,0,N,Y
R100A9LP02ZIKS,5,0,0,N,Y
R100A9QQ2HEFOJ,4,0,1,N,Y
R100AAAIA4OTCA,1,0,0,N,Y
R100AAMX9GZBFH,4,0,0,N,Y
R100AAVES5N45L,4,0,0,N,Y
R100AAX32NERAT,5,0,0,N,Y
R100ACT494J1IO,3,1,1,N,Y
R100AEHALOWZVU,5,0,0,N,Y
R100AFDED3B9WW,5,5,5,N,Y
R100AFLG513DGA,5,0,0,N,Y
R100AFTHIA5YH8,4,0,0,N,Y
R100AH22FEH7AD,5,0,0,N,N
R100AH5K5IAUHI,5,0,0,N,Y
R100AH78V8OC1P,2,0,0,N,N
R100AIQMGWNITN,4,0,1,N,Y
R100AJXKMC8DIH,4,2,2,N,N
R100AMEH6YK00E,1,0,1,N,Y
R100AMVI65UMOD,4,0,0,N,Y
R100AN1EW5EI5Y,4,0,0,N,Y
R100AN8TRWIDUR,3,0,0,N,Y
R100ANM5N57X8U,5,0,0,N,N
R100AOQN0ZH7HD,2,0,1,N,Y
R100AQ6ISIQ52M,5,0,0,N,Y
R100AQHZI8X7F4,5,0,0,N,Y
R100AQZVWSTLG8,1,1,1,N,Y
R100ARB2T33WG9,5,9,12,N,N
R100ARXF0464RZ,4,0,0,N,Y
R100AS60MEKJH6,2,1,3,N,Y
R100ATV7VWF4XC,5,2,2,N,Y
R100AUAMWAVN3F,3,0,0,N,Y
R100AV5S65NVFS,5,0,0,N,Y
R100AV9WRHGNIP,5,0,0,N,Y
R100AWDYIFYKXL,2,0,1,N,Y
R100AXBZUGRVBF,4,0,1,N,Y
R100AXUWD1L1JW,5,0,0,N,Y
R100AYKYDBV9YA,4,0,0,N,Y
R100AZ0DXDX7FA,4,0,0,N,Y
R100AZ69AFO3DZ,5,0,0,N,Y
R100B0VH1A6GSB,4,0,0,N,Y
R100B1Q6ZZHAXY,5,0,0,N,Y
R100B1VOG8IFX7,5,1,1,N,Y
R100B2O66K9HR6,5,0,0,N,Y
R100B2QWZC8UA1,1,2,2,N,Y
R100B37HR8EF67,1,0,0,N,N
R100B4TO96TPJM,5,0,0,N,Y
R100B5UOB2FYWZ,4,0,0,N,Y
R100B5W7AF3U5Y,5,0,2,N,Y
R100B7FWR5BM5A,5,0,0,N,Y
R100B7QVRNLGFX,3,0,0,N,Y
R100BB8368OW6J,2,0,0,N,Y
R100BBEWKEA65E,4,0,0,N,Y
R100BC2H88ZPDX,1,0,1,N,Y
R100BCJ87IPR37,5,0,0,N,Y
R100BCUEO5U5HR,5,0,0,N,Y
R100BE1QWB1OHA,5,0,0,N,Y
R100BEI7GZGTKO,5,0,0,N,Y
R100BESVGNOOZU,1,0,0,N,Y
R100BEV8B5WZW3,5,1,2,N,Y
R100BEZ1NQFFK9,5,0,0,N,Y
R100BFPH66SQFU,5,1,2,N,Y
R100BFPII5AGNC,5,0,0,N,Y
R100BFQ2FHQ63K,3,3,4,N,Y
R100BFTNNUKJ0E,5,0,0,N,N
R100BGJ0T4EZR1,5,1,1,N,Y
R100BH927JBLGJ,3,0,0,N,N
R100BHBJ4B3578,3,3,4,N,Y
R100BHY8HV5ILV,5,0,0,N,Y
R100BL79QYEOHD,5,0,0,N,Y
R100BLMHBKO85W,4,0,0,N,Y
R100BMQWZXVSZL,5,1,1,N,Y
R100BQDQB0YMXO,5,0,0,N,Y
R100BQGHA8ZGPS,5,0,0,N,Y
R100BSJ3U71OX3,2,0,0,N,Y
R100BU76FZNZFX,5,0,0,N,Y
R100BU8NOLTTT9,5,1,4,N,Y
R100BUAM66XCNG,5,0,0,N,Y
R100BUTCS1TX0J,1,0,0,N,Y
R100BV9DSSY78U,4,0,0,N,N
R100BVR3PQMZZT,5,0,0,N,Y
R100BWF2P3GE7N,5,0,0,N,Y
R100BWJ5EMTMGG,1,0,0,N,Y
R100BWY18QQHID,5,0,0,N,Y
R100BWYYR9SFY6,1,1,1,N,Y
R100BYWNLK3TLO,5,0,0,N,Y
R100C2C54F6KOC,5,0,0,N,Y
R100C2MFCLF5U5,5,1,1,N,Y
R100C349HS2B9V,5,0,0,N,Y
R100C3OXYNL2V4,2,0,0,N,Y
R100C4IAXX2QG3,5,0,0,N,Y
R100C4OCF18RRP,5,0,0,N,Y
R100C7SPS65BZ8,5,0,0,N,Y
R100C90S0JSMPH,5,0,0,N,Y
R100C949A33QY9,5,0,0,N,Y
R100C96UEBHYJE,4,0,0,N,Y
R100CA8FV3MDC,2,6,9,N,Y
R100CA978DAJBO,3,0,1,N,Y
R100CAX2KN6HRK,5,0,0,N,Y
R100CBHKAXZDCY,1,0,0,N,Y
R100CDNM46Y0Y3,5,0,0,N,Y
R100CEJKRC5XAS,5,0,0,N,Y
R100CFS0LN8TWV,4,0,0,N,Y
R100CGRMI7VXNX,5,0,0,N,Y
R100CGRPK3Q9SO,5,0,0,N,Y
R100CHCEIH7X75,5,0,0,N,Y
R100CHQBFEO6QN,1,1,1,N,Y
R100CHSZO91UO6,5,5,6,N,Y
R100CHU9ZDGE68,5,0,0,N,Y
R100CKMIOA4IYL,1,0,2,N,Y
R100CL51ZO2SM8,5,1,1,N,Y
R100CLXA32OG2Q,1,0,0,N,Y
R100CMKIWOPC3D,1,0,0,N,Y
R100CMLW7ZW4VT,5,0,0,N,Y
R100CMO3MJXRYB,5,0,0,N,Y
R100CN4258RRXR,5,0,0,N,Y
R100COFLOW3VGC,3,0,0,N,Y
R100CPRBH2VMAE,3,2,3,N,N
R100CPYM52BVY4,4,0,0,N,Y
R100CQ117FSD4I,5,0,0,N,Y
R100CQCHTBT1V9,5,0,1,N,Y
R100CQNP0T839A,1,5,5,N,N
R100CRCD5QZKND,5,0,0,N,Y
R100CRCXY26ULQ,5,0,0,N,Y
R100CRFWU7E8D2,3,0,0,N,Y
R100CS8RZKYY1J,2,0,0,N,Y
R100CT0DGBVCR7,5,2,2,N,Y
R100CT60L5ZIGD,5,0,0,N,Y
R100CT94830G41,1,0,0,N,Y
R100CU8D9KADZB,5,0,0,N,Y
R100CU9RTEM3S4,1,1,2,N,Y
R100CV0XOHD9A8,5,0,0,N,Y
R100CV23LSNG8U,1,0,0,N,Y
R100CW2910TRNJ,4,0,0,N,Y
R100CW9WSDUAKL,5,0,0,N,Y
R100CWI0QZF033,1,0,0,N,Y
R100CWYAJMID7Q,5,0,0,N,Y
R100CXAI94YVPG,3,0,0,N,Y
R100CXOUTEKX58,5,2,2,N,Y
R100CYGSR37CPY,5,0,0,N,Y
R100CYS8KGQRUZ,5,0,0,N,Y
R100CZ3KMALH63,5,0,0,N,Y
R100CZS40NRVO3,5,0,0,N,Y
R100CZTRPMAX8A,5,0,0,N,Y
R100D02W5IJK77,5,0,0,N,Y
R100D06DU3Z9PT,1,1,1,N,N
R100D0EJGQPEWY,3,0,0,N,Y
R100D0JBQWJNQJ,1,0,1,N,Y
R100D2HDW0WL92,1,2,2,N,Y
R100D302M3RSHB,5,1,1,N,Y
R100D3TPIZNJUD,4,0,0,N,Y
R100D3V7QQPGRH,5,0,0,N,N
R100D4U9ICDBW6,1,0,0,N,Y
R100D4Z8FEWOGJ,3,0,0,N,Y
R100D5HYIH28C7,5,9,10,N,Y
R100D5UICHAU2P,5,1,1,N,Y
R100D7BS02392M,5,0,0,N,Y
R100D7KX8IDDCW,5,0,0,N,Y
R100D9EFKOAG0F,4,0,0,N,Y
R100D9M03CLEXJ,4,0,0,N,Y
R100D9VQJ7AZ8L,5,0,0,N,Y
R100DA6SMPS314,5,0,0,N,Y
R100DA96MDAEXU,5,1,2,N,Y
R100DAJUGTCTVH,5,7,8,N,Y
R100DB3PYGGXPH,1,0,0,N,Y
R100DB7Q4YVV0X,4,0,0,N,Y
R100DBD4DHEM0X,5,0,0,N,Y
R100DBKKXREMFM,5,0,0,N,Y
R100DBSBHUWT6R,5,0,0,N,Y
R100DBZ2968JBH,5,1,1,N,Y
R100DC7AOMKL2T,5,1,1,N,Y
R100DCSLLMPAXL,5,0,0,N,Y
R100DCUZGJ38F,4,0,0,N,Y
R100DDBWNUJTB5,5,0,0,N,Y
R100DEEF5MKNO3,5,1,1,N,Y
R100DFS9A528IM,5,1,2,N,N
R100DG74HMOJF0,2,1,1,N,Y
R100DGE8G2MY29,5,0,0,N,Y
R100DGLVW1BBXY,5,0,0,N,Y
R100DHA0QOZ555,5,0,0,N,Y
R100DHKSPCCK26,4,0,0,N,Y
R100DJ7KQWFIR6,4,0,0,N,Y
R100DJH56FCQXA,5,0,0,N,Y
R100DLJFRTCSSY,4,2,2,N,N
R100DMMZIX81LB,5,2,2,N,Y
R100DMPIF5WAUT,5,0,0,N,Y
R100DNF4T4G0Y7,3,2,3,N,Y
R100DNU77Y6RZ2,3,0,0,N,Y
R100DOL8QAFWWU,5,1,1,N,Y
R100DOYQ8ZF2SK,5,0,0,N,N
R100DP7CPXBPED,5,16,17,N,Y
R100DPBACR4U1X,5,0,0,N,Y
R100DPQGRIKOA5,4,0,0,N,Y
R100DPQJ6LX8LI,5,0,0,N,Y
R100DPY3ODEB6F,5,0,0,N,N
R100DQCEER0C5A,5,0,0,N,N
R100DR23OMRCCJ,3,0,0,N,Y
R100DRMBW1HTL9,5,1,1,N,Y
R100DS3K3Q2SC,5,0,0,N,Y
R100DVZ03KMOAP,2,2,4,N,Y
R100DXMKNRB6A2,5,0,0,N,Y
R100DXYRQWZVR8,4,1,2,N,Y
R100DYS7NWYAAF,2,0,0,N,Y
R100DZ0CKL58WB,5,0,0,N,Y
R100DZDGKH7X37,1,0,0,N,Y
R100DZKEGOU1Y0,1,0,0,N,Y
R100DZQ7EFT6ZU,5,0,0,N,Y
R100E04VXD8SEO,5,0,0,N,Y
R100E0DAXCHG2Y,4,0,0,N,Y
R100E0L9O63GPM,4,0,0,N,Y
R100E181L598JY,4,0,0,N,Y
R100E1MBKLAPZ7,5,1,1,N,Y
R100E1ZHD54FJT,5,0,0,N,Y
R100E2N1GEIE3R,4,0,0,N,Y
R100E46PJARXKN,5,0,0,N,N
R100E4NBEIMLMF,3,0,0,N,Y
R100E7VS8Y2J8,2,0,0,N,Y
R100E8COZ5NL5K,2,1,1,N,Y
R100EA9PJVOCHO,5,0,0,N,Y
R100EBSUC748IT,5,0,0,N,N
R100ECMMUKLHCV,5,0,0,N,N
R100EDRUJVOYGJ,1,5,7,N,Y
R100EEJPT6M5P9,5,0,0,N,Y
R100EFIZ5ZMCV5,5,0,0,N,Y
R100EG8WNWDDIP,5,0,0,N,Y
R100EGXMI7GS5I,2,0,0,N,Y
R100EH5840RZKV,5,0,0,N,Y
R100EHCFCFVSXP,1,0,0,N,Y
R100EIBWXIWSMY,5,0,0,N,Y
R100EJCKN1E0W7,5,0,0,N,N
R100EJH0H4K694,5,0,0,N,Y
R100EJSGV7C88L,1,1,1,N,Y
R100EJY9SCTBYH,5,0,0,N,Y
R100EK5E6F4FIX,5,0,0,N,Y
R100EKOLPHYBSB,5,0,0,N,Y
R100EM2GJ8VQ89,5,0,0,Y,N
R100EM8Y3JO5SI,1,2,5,N,Y
R100EMJ5XK71D7,3,0,0,N,Y
R100EN5SU60I21,1,0,0,N,Y
R100EN9SCORUAC,5,0,0,N,Y
R100EPX8JZ6D1I,1,53,57,N,N
R100EQ91NGOCU3,5,0,0,N,Y
R100EQHT1Q26KX,5,0,0,N,Y
R100ERTY6OM6EJ,5,0,0,N,Y
R100ERZAE70HXY,5,0,0,N,Y
R100ES77MUZE4E,5,0,0,N,Y
R100ESAMJSAUN4,5,0,0,N,Y
R100ESQGST0D7A,4,0,0,N,Y
R100ET4VN946AL,5,2,2,N,Y
R100ETGBZJW7E0,1,0,0,N,Y
R100ETIGEYBD4M,5,1,1,N,N
R100EUNERNVOB4,5,1,1,N,Y
R100EUQ87PK7AZ,2,1,2,N,N
R100EUZGD3ORJT,3,0,0,N,Y
R100EV1OIU2QOH,5,0,0,N,Y
R100EVUHD0NRDY,2,0,0,N,N
R100EVZ37OTVXA,5,0,0,N,Y
R100EWQLIQGN8M,4,0,0,N,Y
R100EWVAN6BCQD,2,0,0,N,Y
R100EY3LGGNVGR,4,0,0,N,Y
R100EYIA9DLET1,4,0,0,N,Y
R100EZ3MZSZ56,1,1,2,N,Y
R100EZU4V2IUVE,5,0,0,N,Y
R100EZVBI49UDK,2,0,0,N,Y
R100F0QZROGR50,5,0,0,N,Y
R100F1E5X99XY2,5,0,0,N,Y
R100F2XNSB5LPG,5,0,0,N,Y
R100F3WWLNCX5S,5,0,0,N,Y
R100F4277FTQDG,5,0,0,N,Y
R100F4280IW25,5,0,0,N,Y
R100F5VICX2HU3,5,0,0,N,Y
R100F5YHSF8XJ9,4,0,0,N,Y
R100F6NRV8DEYW,5,34,37,N,Y
R100F7A0CSI002,2,0,0,N,Y
R100F8MY6VTY12,5,0,0,N,Y
R100F8TKDOX8P9,5,2,2,N,Y
R100F9XR0LGQMV,2,1,1,N,N
R100FA9O3V1JKX,2,0,0,N,Y
R100FBDLEUD7B3,5,0,0,N,Y
R100FBDX2Q42I,3,0,0,N,N
R100FBRBZU0RQP,5,0,0,N,Y
R100FC96HS9VVA,5,0,0,N,N
R100FCX761Y5M5,5,0,0,N,Y
R100FE99ZA300G,1,1,2,N,Y
R100FED481S8MP,5,1,1,N,Y
R100FG88GIBLUV,4,0,0,N,Y
R100FIFWZ788EN,5,0,0,N,Y
R100FJ2G5MBNNU,1,0,0,N,Y
R100FJ403NNNRH,3,0,0,N,Y
R100FJ5CZSORFL,4,1,1,N,Y
R100FKZWA49WKA,5,0,0,N,Y
R100FLBI7X77FG,4,0,0,N,Y
R100FLLJQPVVIQ,5,0,0,N,Y
R100FLYSA6WAC4,5,1,1,N,Y
R100FM9BZ7TATJ,5,0,0,N,Y
R100FMGAIZAMU4,5,0,0,N,N
R100FN434B2CXS,4,0,0,N,Y
R100FNPA8QWTZB,4,0,0,N,Y
R100FNSQMS8C48,5,0,0,N,Y
R100FOZ514D98I,5,0,0,N,Y
R100FPEIMD0WQY,5,0,0,N,Y
R100FPILTQYZJC,5,0,0,N,Y
R100FPQRHJQ8O1,5,0,0,N,Y
R100FQ9ANEQM1T,5,2,2,N,N
R100FR6CVYEMEG,4,0,0,N,N
R100FRGJEAC48K,5,0,0,N,Y
R100FSU2XN4SH7,1,0,0,N,Y
R100FVKFI8O4HP,5,1,1,N,N
R100FWRFWAGLG2,5,0,0,N,Y
R100FY9OUOKMKO,3,0,0,N,Y
R100FZFXNR7OPH,3,0,0,N,Y
R100FZTSJILBC2,5,0,0,N,Y
R100FZU9ZNODDH,5,2,2,N,N
R100G172Q30D6Y,5,0,0,N,Y
R100G1VLVZ5ZR3,3,2,2,N,Y
R100G2HNS2EIEL,5,0,0,N,Y
R100G36GGWRVFT,4,172,203,Y,N
R100G5AXIW3I9R,4,0,0,N,Y
R100G5NVKAVQ4I,1,0,0,N,Y
R100GADMVC2Z9G,3,1,3,N,Y
R100GDQKN7WO3M,4,0,0,N,Y
R100GEGVKCTWFG,5,0,0,N,Y
R100GFWC8MONU3,4,0,0,N,Y
R100GG768X10YG,5,2,3,N,Y
R100GGVOV64ZJT,5,0,0,N,Y
R100GH56TZML8O,2,0,0,N,Y
R100GHF86VBUK6,2,0,0,N,Y
R100GI6G3HEH1R,5,0,0,N,Y
R100GKWVPX4US7,5,0,1,N,Y
R100GL2K88OZ5K,5,1,1,N,Y
R100GNQZAGY4MJ,5,0,0,N,Y
R100GORCNELOAL,2,6,6,N,N
R100GP450SPC07,5,0,0,N,Y
R100GQ0RV4W0Y3,5,0,0,N,Y
R100GQ72FXHG5U,5,1,1,N,Y
R100GS1YVF79VB,1,0,0,N,Y
R100GS9WEEOWOZ,5,0,0,N,Y
R100GTCYR28O08,5,0,0,N,N
R100GTMIVU3GVK,1,3,8,N,N
R100GVDHG63UTY,5,2,2,N,Y
R100GVH33PITB3,3,0,1,N,Y
R100GVT955JT2U,5,1,1,N,Y
R100GXSCTCQ2S2,5,0,0,N,Y
R100GXTO5BMVKN,4,0,0,N,Y
R100GXURNUN9SP,5,0,0,N,Y
R100H0L52P4VKN,5,0,0,N,Y
R100H0Y3ODY0T3,5,0,0,N,Y
R100H1TO6OV3NV,5,0,0,N,N
R100H1XE15ZNNZ,5,1,1,N,Y
R100H28AZ04FYG,5,0,0,N,Y
R100H3HZR4F3IA,5,1,1,N,Y
R100H52K8QLAO,5,0,0,N,Y
R100H5HRMI8UXT,1,0,0,N,Y
R100H7Y3TG7BZ3,5,0,0,N,Y
R100H9XJ61AA1A,2,0,0,N,Y
R100HBOWWNH4IZ,3,0,0,N,Y
R100HCLBU4JJK3,5,0,0,N,Y
R100HCRT1QZDK7,5,1,4,N,Y
R100HD1KD7RTYU,5,1,1,N,Y
R100HDHBUC8UIR,4,0,0,N,Y
R100HDZV0YBQCK,5,0,0,N,N
R100HE2OLAMP4S,4,0,0,N,Y
R100HG4CY81MXN,1,1,6,N,Y
R100HG90JH9FUH,4,1,1,N,Y
R100HGY1LAPXVA,5,0,1,N,Y
R100HHNZI0X1JN,5,1,1,N,Y
R100HHR237PJAX,5,0,0,N,Y
R100HJ155H5LO3,1,0,1,N,Y
R100HJCWNQBNQL,5,3,4,N,Y
R100HL40Q06HBM,1,0,0,N,Y
R100HLRSCD1KXK,5,0,0,N,Y
R100HLTHUNS8NK,4,0,0,N,N
R100HMLXO5C9PS,3,0,0,N,Y
R100HN7E7BICY3,5,0,0,N,Y
R100HNCGBPRQFC,5,0,0,N,Y
R100HONSI5PCOU,5,0,0,N,Y
R100HOP97CFI6D,5,0,0,N,Y
R100HP7LMZ3LVR,3,1,8,N,Y
R100HPS7883KB1,5,3,3,N,Y
R100HPWEYLO7H8,3,0,0,N,Y
R100HPYBH9G4CX,5,0,0,N,Y
R100HQ05KEHPCF,1,3,4,N,Y
R100HR7TACG8MF,3,0,0,N,Y
R100HSF0D0V977,1,1,3,N,Y
R100HSM1M05S1H,2,0,0,N,N
R100HT2O37LL2W,1,0,0,N,Y
R100HTPUY7EHC1,4,0,0,N,Y
R100HUZK16IR77,5,1,1,N,N
R100HVVNCLNZAL,4,0,0,N,N
R100HXW97N3RQU,1,0,0,N,Y
R100HXZSCHQA0I,5,0,0,N,N
R100HY3HJYUCOE,1,1,1,N,Y
R100HYUOIE0FZ,5,0,0,N,Y
R100HZ8NKNWCWG,5,0,0,N,Y
R100HZPYO7DT79,1,0,0,N,Y
R100I031IKOKCT,3,2,2,N,Y
R100I05E92JQ4F,5,0,1,N,Y
R100I05EBJZ57T,5,0,0,N,Y
R100I0O2DSMWOB,5,0,0,N,Y
R100I0V9B9PB4I,1,0,0,N,N
R100I1EYDICH9R,5,0,0,N,Y
R100I1ML7CIEH8,5,5,5,N,Y
R100I1Q4QDFNRE,4,0,0,N,N
R100I2CZ2XBB19,5,0,0,N,Y
R100I3119JTMQF,1,8,10,N,Y
R100I6QB4NLJ74,5,0,0,N,Y
R100I8HABB4D2D,5,0,0,N,Y
R100I8KS2W44ZK,3,0,0,N,Y
R100I922S8QZFG,4,0,0,N,Y
R100IAITA13LNB,5,2,3,N,Y
R100IB3ZKBIMU,5,0,0,N,Y
R100IBRZ3DUQEK,5,0,0,N,N
R100ICYAOB0443,5,0,0,N,Y
R100IFTW9T2J79,5,0,0,N,N
R100IGOJB3G3VK,1,0,0,N,Y
R100IGX0LQ2Y09,5,0,0,N,Y
R100IH9I7JET7B,3,0,1,N,Y
R100IJJAM74HJC,5,0,0,N,Y
R100IJSLJ25VPG,5,0,0,N,Y
R100IKA6G0GYGR,5,0,0,N,Y
R100IL3PPKUQJ4,5,0,0,N,Y
R100ILBRF3LUF5,5,0,0,N,Y
R100INRX6EFDU7,3,0,0,N,Y
R100IPMUYO5YHM,3,0,0,N,Y
R100IUEY7UKTJL,4,0,0,N,Y
R100IUHFTMOQ5F,3,1,1,N,N
R100IV2KK50GHA,4,0,0,N,Y
R100IV9FO4BIIL,2,0,0,N,Y
R100IVY4OJ5623,5,3,3,N,Y
R100IWC6W8RBHY,5,1,1,N,Y
R100IWGY03F3JM,5,1,1,N,Y
R100IWHSSEGP68,1,1,2,N,Y
R100IWJGC6O801,5,0,0,N,Y
R100IXF5EZZHZK,5,0,0,N,Y
R100J0TLMWWXYF,5,0,0,N,Y
R100J1UJUQO3HV,5,0,0,N,Y
R100J2C50JAZBS,1,0,0,N,N
R100J2HYMRYC4X,4,1,2,N,Y
R100J35K4R3L02,5,0,0,N,Y
R100J47ESXO7G7,2,3,7,N,N
R100J5N4L5HAYA,1,0,1,N,Y
